{
  "project_info": {
    "project_number": "1098255606133",
    "firebase_url": "https://myautoroom.firebaseio.com",
    "project_id": "myautoroom",
    "storage_bucket": "myautoroom.appspot.com"
  },
  "client": [
    {
      "client_info": {
        "mobilesdk_app_id": "1:1098255606133:android:fd604af288ff74db",
        "android_client_info": {
          "package_name": "lupoxan.autoroom.com.autoroom11"
        }
      },
      "oauth_client": [
        {
          "client_id": "1098255606133-b931e2gg6uckr193lj8ctf365mfbipj4.apps.googleusercontent.com",
          "client_type": 1,
          "android_info": {
            "package_name": "lupoxan.autoroom.com.autoroom11",
            "certificate_hash": "0ef6ccaf01a60f5bd551c454561de5e4467ca8e8"
          }
        },
        {
          "client_id": "1098255606133-vuracui09uvp578d94tsq27jbtpgm5j6.apps.googleusercontent.com",
          "client_type": 3
        }
      ],
      "api_key": [
        {
          "current_key": "AIzaSyDxrI1QaY9eZ5Dy6y8QKLl6DG-0LxTI3vg"
        }
      ],
      "services": {
        "analytics_service": {
          "status": 1
        },
        "appinvite_service": {
          "status": 2,
          "other_platform_oauth_client": [
            {
              "client_id": "1098255606133-vuracui09uvp578d94tsq27jbtpgm5j6.apps.googleusercontent.com",
              "client_type": 3
            }
          ]
        },
        "ads_service": {
          "status": 2
        }
      }
    }
  ],
  "configuration_version": "1"
}